<?xml version="1.0" encoding="UTF-8"?>
<project-private xmlns="http://www.netbeans.org/ns/project-private/1">
    <editor-bookmarks xmlns="http://www.netbeans.org/ns/editor-bookmarks/2" lastBookmarkId="0"/>
    <open-files xmlns="http://www.netbeans.org/ns/projectui-open-files/2">
        <group>
            <file>file:/C:/Users/ASUS/Documents/NetBeansProjects/LABProject/src/HospitalManagementSystem/medicine.java</file>
            <file>file:/C:/Users/ASUS/Documents/NetBeansProjects/LABProject/src/HospitalManagementSystem/homepage.java</file>
            <file>file:/C:/Users/ASUS/Documents/NetBeansProjects/LABProject/src/HospitalManagementSystem/blood.java</file>
            <file>file:/C:/Users/ASUS/Documents/NetBeansProjects/LABProject/src/HospitalManagementSystem/login.java</file>
            <file>file:/C:/Users/ASUS/Documents/NetBeansProjects/LABProject/src/HospitalManagementSystem/patient.java</file>
            <file>file:/C:/Users/ASUS/Documents/NetBeansProjects/LABProject/src/HospitalManagementSystem/staff.java</file>
            <file>file:/C:/Users/ASUS/Documents/NetBeansProjects/LABProject/src/HospitalManagementSystem/labrotories.java</file>
            <file>file:/C:/Users/ASUS/Documents/NetBeansProjects/LABProject/src/HospitalManagementSystem/Facilities.java</file>
            <file>file:/C:/Users/ASUS/Documents/NetBeansProjects/LABProject/src/HospitalManagementSystem/doctor.java</file>
        </group>
    </open-files>
</project-private>
